-- Atlas Journal / News Atlas
-- Seed básico para WordPress Headless
-- Ajuste o prefixo `wp_` se o seu banco usar outro prefixo.

SET NAMES utf8mb4;
SET FOREIGN_KEY_CHECKS = 0;
START TRANSACTION;

INSERT INTO wp_terms (term_id, name, slug, term_group) VALUES
  (101, 'Brasil', 'brasil', 0),
  (102, 'Saúde', 'saude', 0),
  (103, 'Vídeos', 'videos', 0),
  (104, 'Colunistas', 'colunistas', 0)
ON DUPLICATE KEY UPDATE name = VALUES(name), slug = VALUES(slug);

INSERT INTO wp_term_taxonomy (term_taxonomy_id, term_id, taxonomy, description, parent, count) VALUES
  (101, 101, 'category', 'Cobertura nacional com foco em política, sociedade, cidades e movimentos do dia a dia.', 0, 0),
  (102, 102, 'category', 'Conteúdos de saúde pública, bem-estar, comportamento e informação útil.', 0, 0),
  (103, 103, 'category', 'Entrevistas, coberturas rápidas e recortes de reportagens em formato audiovisual.', 0, 0),
  (104, 104, 'category', 'Assinaturas fixas, análises, bastidores e textos autorais.', 0, 0)
ON DUPLICATE KEY UPDATE description = VALUES(description);

INSERT INTO wp_posts (
  ID, post_author, post_date, post_date_gmt, post_content, post_title, post_excerpt,
  post_status, comment_status, ping_status, post_password, post_name, to_ping, pinged,
  post_modified, post_modified_gmt, post_content_filtered, post_parent, guid,
  menu_order, post_type, post_mime_type, comment_count
) VALUES
  (1001, 1, '2026-04-20 10:00:00', '2026-04-20 10:00:00', '<p>Este é um conteúdo de demonstração pronto para ser substituído por dados do WordPress. A ideia aqui é validar estrutura, ritmo visual e organização editorial antes da integração definitiva com o CMS.</p><p>O layout foi pensado para manter leitura confortável, hierarquia clara e liberdade para acomodar tanto notícias rápidas quanto textos mais densos. Com Sass, a manutenção visual fica simples e o projeto passa a mostrar domínio de CSS mais artesanal.</p><p>No cenário final, cada bloco da home pode vir de categorias, tags, campos customizados ou regras editoriais simples, sem depender de um painel pesado ou de um tema WordPress engessado.</p><p>Essa abordagem separa bem as responsabilidades: o WordPress publica, organiza e entrega dados; o Next.js renderiza a experiência final com mais controle, performance e consistência visual.</p>', 'Atlas Journal estreia com visual modular e clima de revista digital', 'Um layout inspirado em portais editoriais clássicos, mas redesenhado com mais respiro e leitura moderna.', 'publish', 'closed', 'closed', '', 'atlas-journal-estreia-visual-modular', '', '', '2026-04-20 10:00:00', '2026-04-20 10:00:00', '', 0, 'http://localhost:9003?p=1001', 0, 'post', '', 0),
  (1002, 1, '2026-04-18 10:00:00', '2026-04-18 10:00:00', '<p>Este é um conteúdo de demonstração pronto para ser substituído por dados do WordPress. A ideia aqui é validar estrutura, ritmo visual e organização editorial antes da integração definitiva com o CMS.</p><p>O layout foi pensado para manter leitura confortável, hierarquia clara e liberdade para acomodar tanto notícias rápidas quanto textos mais densos. Com Sass, a manutenção visual fica simples e o projeto passa a mostrar domínio de CSS mais artesanal.</p><p>No cenário final, cada bloco da home pode vir de categorias, tags, campos customizados ou regras editoriais simples, sem depender de um painel pesado ou de um tema WordPress engessado.</p><p>Essa abordagem separa bem as responsabilidades: o WordPress publica, organiza e entrega dados; o Next.js renderiza a experiência final com mais controle, performance e consistência visual.</p>', 'Bastidores da produção: como um portal pequeno ganha cara de produto grande', 'Escopo controlado, blocos previsíveis e componentes consistentes fazem diferença no resultado final.', 'publish', 'closed', 'closed', '', 'bastidores-producao-portal-pequeno-produto-grande', '', '', '2026-04-18 10:00:00', '2026-04-18 10:00:00', '', 0, 'http://localhost:9003?p=1002', 0, 'post', '', 0),
  (1003, 1, '2026-04-17 10:00:00', '2026-04-17 10:00:00', '<p>Este é um conteúdo de demonstração pronto para ser substituído por dados do WordPress. A ideia aqui é validar estrutura, ritmo visual e organização editorial antes da integração definitiva com o CMS.</p><p>O layout foi pensado para manter leitura confortável, hierarquia clara e liberdade para acomodar tanto notícias rápidas quanto textos mais densos. Com Sass, a manutenção visual fica simples e o projeto passa a mostrar domínio de CSS mais artesanal.</p><p>No cenário final, cada bloco da home pode vir de categorias, tags, campos customizados ou regras editoriais simples, sem depender de um painel pesado ou de um tema WordPress engessado.</p><p>Essa abordagem separa bem as responsabilidades: o WordPress publica, organiza e entrega dados; o Next.js renderiza a experiência final com mais controle, performance e consistência visual.</p>', 'Saúde urbana: pequenas mudanças de rotina podem ter impacto real', 'Um bloco mais leve da home pode gerar contraste visual e ampliar o tempo de permanência.', 'publish', 'closed', 'closed', '', 'saude-urbana-mudancas-rotina-impacto-real', '', '', '2026-04-17 10:00:00', '2026-04-17 10:00:00', '', 0, 'http://localhost:9003?p=1003', 0, 'post', '', 0),
  (1004, 1, '2026-04-16 10:00:00', '2026-04-16 10:00:00', '<p>Este é um conteúdo de demonstração pronto para ser substituído por dados do WordPress. A ideia aqui é validar estrutura, ritmo visual e organização editorial antes da integração definitiva com o CMS.</p><p>O layout foi pensado para manter leitura confortável, hierarquia clara e liberdade para acomodar tanto notícias rápidas quanto textos mais densos. Com Sass, a manutenção visual fica simples e o projeto passa a mostrar domínio de CSS mais artesanal.</p><p>No cenário final, cada bloco da home pode vir de categorias, tags, campos customizados ou regras editoriais simples, sem depender de um painel pesado ou de um tema WordPress engessado.</p><p>Essa abordagem separa bem as responsabilidades: o WordPress publica, organiza e entrega dados; o Next.js renderiza a experiência final com mais controle, performance e consistência visual.</p>', 'Vídeo: o que muda quando o WordPress vira apenas uma API editorial', 'Separar frontend e CMS dá mais previsibilidade para layout, deploy e organização do código.', 'publish', 'closed', 'closed', '', 'video-wordpress-vira-api-editorial', '', '', '2026-04-16 10:00:00', '2026-04-16 10:00:00', '', 0, 'http://localhost:9003?p=1004', 0, 'post', '', 0),
  (1005, 1, '2026-04-15 10:00:00', '2026-04-15 10:00:00', '<p>Este é um conteúdo de demonstração pronto para ser substituído por dados do WordPress. A ideia aqui é validar estrutura, ritmo visual e organização editorial antes da integração definitiva com o CMS.</p><p>O layout foi pensado para manter leitura confortável, hierarquia clara e liberdade para acomodar tanto notícias rápidas quanto textos mais densos. Com Sass, a manutenção visual fica simples e o projeto passa a mostrar domínio de CSS mais artesanal.</p><p>No cenário final, cada bloco da home pode vir de categorias, tags, campos customizados ou regras editoriais simples, sem depender de um painel pesado ou de um tema WordPress engessado.</p><p>Essa abordagem separa bem as responsabilidades: o WordPress publica, organiza e entrega dados; o Next.js renderiza a experiência final com mais controle, performance e consistência visual.</p>', 'Coluna: design editorial ainda é o que mais dá cara de projeto premium', 'Tipografia, grids e ritmo visual continuam sendo o que separa demo simples de demo memorável.', 'publish', 'closed', 'closed', '', 'coluna-design-editorial-projeto-premium', '', '', '2026-04-15 10:00:00', '2026-04-15 10:00:00', '', 0, 'http://localhost:9003?p=1005', 0, 'post', '', 0),
  (1006, 1, '2026-04-14 10:00:00', '2026-04-14 10:00:00', '<p>Este é um conteúdo de demonstração pronto para ser substituído por dados do WordPress. A ideia aqui é validar estrutura, ritmo visual e organização editorial antes da integração definitiva com o CMS.</p><p>O layout foi pensado para manter leitura confortável, hierarquia clara e liberdade para acomodar tanto notícias rápidas quanto textos mais densos. Com Sass, a manutenção visual fica simples e o projeto passa a mostrar domínio de CSS mais artesanal.</p><p>No cenário final, cada bloco da home pode vir de categorias, tags, campos customizados ou regras editoriais simples, sem depender de um painel pesado ou de um tema WordPress engessado.</p><p>Essa abordagem separa bem as responsabilidades: o WordPress publica, organiza e entrega dados; o Next.js renderiza a experiência final com mais controle, performance e consistência visual.</p>', 'Mercado local testa formatos de notícia mais visuais e mais curtos', 'Portais enxutos vêm trocando excesso de widgets por blocos editoriais mais claros.', 'publish', 'closed', 'closed', '', 'mercado-local-formatos-noticia-visuais-curtos', '', '', '2026-04-14 10:00:00', '2026-04-14 10:00:00', '', 0, 'http://localhost:9003?p=1006', 0, 'post', '', 0),
  (1007, 1, '2026-04-13 10:00:00', '2026-04-13 10:00:00', '<p>Este é um conteúdo de demonstração pronto para ser substituído por dados do WordPress. A ideia aqui é validar estrutura, ritmo visual e organização editorial antes da integração definitiva com o CMS.</p><p>O layout foi pensado para manter leitura confortável, hierarquia clara e liberdade para acomodar tanto notícias rápidas quanto textos mais densos. Com Sass, a manutenção visual fica simples e o projeto passa a mostrar domínio de CSS mais artesanal.</p><p>No cenário final, cada bloco da home pode vir de categorias, tags, campos customizados ou regras editoriais simples, sem depender de um painel pesado ou de um tema WordPress engessado.</p><p>Essa abordagem separa bem as responsabilidades: o WordPress publica, organiza e entrega dados; o Next.js renderiza a experiência final com mais controle, performance e consistência visual.</p>', 'Bem-estar no trabalho: por que o conteúdo de serviço funciona tão bem', 'Uma editoria de utilidade pública ajuda a equilibrar o tom de um site editorial.', 'publish', 'closed', 'closed', '', 'bem-estar-trabalho-conteudo-servico-funciona-bem', '', '', '2026-04-13 10:00:00', '2026-04-13 10:00:00', '', 0, 'http://localhost:9003?p=1007', 0, 'post', '', 0),
  (1008, 1, '2026-04-12 10:00:00', '2026-04-12 10:00:00', '<p>Este é um conteúdo de demonstração pronto para ser substituído por dados do WordPress. A ideia aqui é validar estrutura, ritmo visual e organização editorial antes da integração definitiva com o CMS.</p><p>O layout foi pensado para manter leitura confortável, hierarquia clara e liberdade para acomodar tanto notícias rápidas quanto textos mais densos. Com Sass, a manutenção visual fica simples e o projeto passa a mostrar domínio de CSS mais artesanal.</p><p>No cenário final, cada bloco da home pode vir de categorias, tags, campos customizados ou regras editoriais simples, sem depender de um painel pesado ou de um tema WordPress engessado.</p><p>Essa abordagem separa bem as responsabilidades: o WordPress publica, organiza e entrega dados; o Next.js renderiza a experiência final com mais controle, performance e consistência visual.</p>', 'Vídeo: como pensar home modular sem transformar tudo em portal gigante', 'A chave está em poucos padrões fortes, e não em dezenas de blocos únicos.', 'publish', 'closed', 'closed', '', 'video-home-modular-sem-portal-gigante', '', '', '2026-04-12 10:00:00', '2026-04-12 10:00:00', '', 0, 'http://localhost:9003?p=1008', 0, 'post', '', 0),
  (1009, 1, '2026-04-11 10:00:00', '2026-04-11 10:00:00', '<p>Este é um conteúdo de demonstração pronto para ser substituído por dados do WordPress. A ideia aqui é validar estrutura, ritmo visual e organização editorial antes da integração definitiva com o CMS.</p><p>O layout foi pensado para manter leitura confortável, hierarquia clara e liberdade para acomodar tanto notícias rápidas quanto textos mais densos. Com Sass, a manutenção visual fica simples e o projeto passa a mostrar domínio de CSS mais artesanal.</p><p>No cenário final, cada bloco da home pode vir de categorias, tags, campos customizados ou regras editoriais simples, sem depender de um painel pesado ou de um tema WordPress engessado.</p><p>Essa abordagem separa bem as responsabilidades: o WordPress publica, organiza e entrega dados; o Next.js renderiza a experiência final com mais controle, performance e consistência visual.</p>', 'Coluna: um bom card de post resolve metade da home', 'Quando o card funciona bem, o resto da composição fica mais rápido de montar.', 'publish', 'closed', 'closed', '', 'coluna-bom-card-post-resolve-metade-home', '', '', '2026-04-11 10:00:00', '2026-04-11 10:00:00', '', 0, 'http://localhost:9003?p=1009', 0, 'post', '', 0),
  (1010, 1, '2026-04-10 10:00:00', '2026-04-10 10:00:00', '<p>Este é um conteúdo de demonstração pronto para ser substituído por dados do WordPress. A ideia aqui é validar estrutura, ritmo visual e organização editorial antes da integração definitiva com o CMS.</p><p>O layout foi pensado para manter leitura confortável, hierarquia clara e liberdade para acomodar tanto notícias rápidas quanto textos mais densos. Com Sass, a manutenção visual fica simples e o projeto passa a mostrar domínio de CSS mais artesanal.</p><p>No cenário final, cada bloco da home pode vir de categorias, tags, campos customizados ou regras editoriais simples, sem depender de um painel pesado ou de um tema WordPress engessado.</p><p>Essa abordagem separa bem as responsabilidades: o WordPress publica, organiza e entrega dados; o Next.js renderiza a experiência final com mais controle, performance e consistência visual.</p>', 'Cidades experimentam novas formas de informar sem poluir a leitura', 'Mais espaço em branco e menos ruído visual fazem diferença na percepção de qualidade.', 'publish', 'closed', 'closed', '', 'cidades-experimentam-novas-formas-informar', '', '', '2026-04-10 10:00:00', '2026-04-10 10:00:00', '', 0, 'http://localhost:9003?p=1010', 0, 'post', '', 0),
  (1011, 1, '2026-04-09 10:00:00', '2026-04-09 10:00:00', '<p>Este é um conteúdo de demonstração pronto para ser substituído por dados do WordPress. A ideia aqui é validar estrutura, ritmo visual e organização editorial antes da integração definitiva com o CMS.</p><p>O layout foi pensado para manter leitura confortável, hierarquia clara e liberdade para acomodar tanto notícias rápidas quanto textos mais densos. Com Sass, a manutenção visual fica simples e o projeto passa a mostrar domínio de CSS mais artesanal.</p><p>No cenário final, cada bloco da home pode vir de categorias, tags, campos customizados ou regras editoriais simples, sem depender de um painel pesado ou de um tema WordPress engessado.</p><p>Essa abordagem separa bem as responsabilidades: o WordPress publica, organiza e entrega dados; o Next.js renderiza a experiência final com mais controle, performance e consistência visual.</p>', 'Saúde em pauta: conteúdo explicativo também pode parecer premium', 'Editorial leve não precisa parecer informal demais; o segredo está no acabamento.', 'publish', 'closed', 'closed', '', 'saude-em-pauta-conteudo-explicativo-premium', '', '', '2026-04-09 10:00:00', '2026-04-09 10:00:00', '', 0, 'http://localhost:9003?p=1011', 0, 'post', '', 0),
  (1012, 1, '2026-04-08 10:00:00', '2026-04-08 10:00:00', '<p>Este é um conteúdo de demonstração pronto para ser substituído por dados do WordPress. A ideia aqui é validar estrutura, ritmo visual e organização editorial antes da integração definitiva com o CMS.</p><p>O layout foi pensado para manter leitura confortável, hierarquia clara e liberdade para acomodar tanto notícias rápidas quanto textos mais densos. Com Sass, a manutenção visual fica simples e o projeto passa a mostrar domínio de CSS mais artesanal.</p><p>No cenário final, cada bloco da home pode vir de categorias, tags, campos customizados ou regras editoriais simples, sem depender de um painel pesado ou de um tema WordPress engessado.</p><p>Essa abordagem separa bem as responsabilidades: o WordPress publica, organiza e entrega dados; o Next.js renderiza a experiência final com mais controle, performance e consistência visual.</p>', 'Vídeo: uma stack pequena pode entregar percepção de projeto completo', 'Bons blocos, boa tipografia e um fluxo headless bem definido já resolvem muita coisa.', 'publish', 'closed', 'closed', '', 'video-stack-pequena-projeto-completo', '', '', '2026-04-08 10:00:00', '2026-04-08 10:00:00', '', 0, 'http://localhost:9003?p=1012', 0, 'post', '', 0),
  (1013, 1, '2026-04-07 10:00:00', '2026-04-07 10:00:00', '<p>Este é um conteúdo de demonstração pronto para ser substituído por dados do WordPress. A ideia aqui é validar estrutura, ritmo visual e organização editorial antes da integração definitiva com o CMS.</p><p>O layout foi pensado para manter leitura confortável, hierarquia clara e liberdade para acomodar tanto notícias rápidas quanto textos mais densos. Com Sass, a manutenção visual fica simples e o projeto passa a mostrar domínio de CSS mais artesanal.</p><p>No cenário final, cada bloco da home pode vir de categorias, tags, campos customizados ou regras editoriais simples, sem depender de um painel pesado ou de um tema WordPress engessado.</p><p>Essa abordagem separa bem as responsabilidades: o WordPress publica, organiza e entrega dados; o Next.js renderiza a experiência final com mais controle, performance e consistência visual.</p>', 'Coluna: fazer na mão o CSS certo pode valorizar muito a entrega', 'Sass bem organizado mostra domínio técnico e melhora a leitura do repositório.', 'publish', 'closed', 'closed', '', 'coluna-css-na-mao-valoriza-entrega', '', '', '2026-04-07 10:00:00', '2026-04-07 10:00:00', '', 0, 'http://localhost:9003?p=1013', 0, 'post', '', 0),
  (1014, 1, '2026-04-06 10:00:00', '2026-04-06 10:00:00', '<p>Este é um conteúdo de demonstração pronto para ser substituído por dados do WordPress. A ideia aqui é validar estrutura, ritmo visual e organização editorial antes da integração definitiva com o CMS.</p><p>O layout foi pensado para manter leitura confortável, hierarquia clara e liberdade para acomodar tanto notícias rápidas quanto textos mais densos. Com Sass, a manutenção visual fica simples e o projeto passa a mostrar domínio de CSS mais artesanal.</p><p>No cenário final, cada bloco da home pode vir de categorias, tags, campos customizados ou regras editoriais simples, sem depender de um painel pesado ou de um tema WordPress engessado.</p><p>Essa abordagem separa bem as responsabilidades: o WordPress publica, organiza e entrega dados; o Next.js renderiza a experiência final com mais controle, performance e consistência visual.</p>', 'Brasil em foco: coberturas regionais ganham mais espaço em projetos independentes', 'Portais menores têm aproveitado melhor recortes locais e narrativas mais próximas do leitor.', 'publish', 'closed', 'closed', '', 'brasil-em-foco-coberturas-regionais', '', '', '2026-04-06 10:00:00', '2026-04-06 10:00:00', '', 0, 'http://localhost:9003?p=1014', 0, 'post', '', 0)
ON DUPLICATE KEY UPDATE
  post_title = VALUES(post_title),
  post_excerpt = VALUES(post_excerpt),
  post_content = VALUES(post_content),
  post_name = VALUES(post_name),
  post_modified = VALUES(post_modified),
  post_modified_gmt = VALUES(post_modified_gmt);

INSERT INTO wp_term_relationships (object_id, term_taxonomy_id, term_order) VALUES
  (1001, 101, 0),
  (1002, 101, 0),
  (1003, 102, 0),
  (1004, 103, 0),
  (1005, 104, 0),
  (1006, 101, 0),
  (1007, 102, 0),
  (1008, 103, 0),
  (1009, 104, 0),
  (1010, 101, 0),
  (1011, 102, 0),
  (1012, 103, 0),
  (1013, 104, 0),
  (1014, 101, 0)
ON DUPLICATE KEY UPDATE term_order = VALUES(term_order);

UPDATE wp_term_taxonomy t
SET t.count = (
  SELECT COUNT(*)
  FROM wp_term_relationships r
  WHERE r.term_taxonomy_id = t.term_taxonomy_id
)
WHERE t.term_taxonomy_id IN (101, 102, 103, 104);

COMMIT;
SET FOREIGN_KEY_CHECKS = 1;
